-0.047672,0.47898,2.8249,-0.046943,0.47943,2.8246,-0.046214,0.4797,2.8242,-0.045452,0.47979,2.824,-0.044682,0.47977,2.8237,-0.043758,0.47976,2.8234,-0.04296,0.47974,2.8231,-0.042139,0.47966,2.8228,-0.041348,0.47949,2.8225,-0.040442,0.47933,2.822,-0.039673,0.4792,2.8217,-0.039471,0.47902,2.8216,-0.039541,0.47885,2.8217,-0.040348,0.47852,2.8225,-0.042092,0.47806,2.8245,-0.044222,0.47774,2.827,-0.046184,0.47792,2.8294,-0.047988,0.47792,2.8316,-0.049884,0.47818,2.8338,-0.082921,0.48562,2.8451,-0.083446,0.48854,2.8506,-0.074252,0.52628,2.8379,-0.069491,0.53914,2.8321,-0.062605,0.54301,2.8286,-0.054528,0.54107,2.8264,-0.048051,0.53631,2.826,-0.044545,0.53165,2.826,-0.042766,0.52618,2.8269,-0.043465,0.51876,2.8283,-0.045066,0.5066,2.8314,-0.046697,0.49647,2.8346,-0.047734,0.49061,2.8365,-0.048418,0.48681,2.8376,-0.048867,0.48425,2.8384,-0.049533,0.48245,2.839,-0.050366,0.48109,2.8395,-0.051426,0.47994,2.8398,-0.05294,0.47927,2.8398,-0.055529,0.47884,2.8388,-0.057674,0.4787,2.8376,-0.059338,0.47854,2.8366,-0.060525,0.47859,2.8356,-0.061407,0.47869,2.8348,-0.061961,0.47889,2.8341,-0.062339,0.47911,2.8334,-0.06244,0.4796,2.8327,-0.062414,0.48005,2.832,-0.062238,0.48052,2.8314,-0.06192,0.48073,2.831,-0.061321,0.48062,2.8306,-0.060636,0.48051,2.8303,-0.059864,0.48049,2.8301
-0.04102,0.29471,2.8755,-0.040801,0.29476,2.8751,-0.04059,0.29479,2.8747,-0.040293,0.2948,2.8743,-0.040014,0.2948,2.8739,-0.039702,0.2948,2.8736,-0.039347,0.29479,2.8732,-0.039003,0.29478,2.8729,-0.03881,0.29477,2.8725,-0.038702,0.29477,2.8722,-0.038635,0.29478,2.8719,-0.038704,0.29477,2.8717,-0.039328,0.29483,2.8715,-0.041661,0.29475,2.8719,-0.044763,0.29488,2.8733,-0.047683,0.29508,2.8749,-0.050216,0.29556,2.8768,-0.052135,0.29596,2.8785,-0.053648,0.29643,2.8803,-0.056368,0.29609,2.8814,-0.058205,0.29568,2.8817,-0.039397,0.34994,2.8547,-0.026466,0.37768,2.8394,-0.022615,0.38652,2.8351,-0.020042,0.38752,2.8348,-0.020149,0.3801,2.8378,-0.021111,0.37203,2.8413,-0.022712,0.3635,2.845,-0.026656,0.35395,2.8489,-0.034664,0.34091,2.8595,-0.039609,0.33179,2.8667,-0.045903,0.31949,2.8769,-0.049759,0.31218,2.8823,-0.052095,0.30753,2.8854,-0.053623,0.30435,2.8875,-0.054713,0.30198,2.8889,-0.05549,0.30019,2.8899,-0.056007,0.29887,2.8904,-0.056828,0.29755,2.889,-0.057459,0.29663,2.8871,-0.057911,0.29593,2.8851,-0.058214,0.29544,2.8832,-0.058404,0.29512,2.8814,-0.058403,0.29491,2.8797,-0.058267,0.29478,2.8782,-0.058011,0.29475,2.8769,-0.05762,0.29477,2.8759,-0.056639,0.29495,2.875,-0.055349,0.29513,2.8742,-0.054095,0.29528,2.8736,-0.052954,0.29543,2.8732,-0.051787,0.29559,2.873
-0.034008,-0.051715,2.8896,-0.034034,-0.05185,2.8895,-0.03405,-0.051972,2.8893,-0.034032,-0.052105,2.8891,-0.034004,-0.052227,2.8889,-0.033967,-0.052333,2.8888,-0.033934,-0.052429,2.8886,-0.03391,-0.052508,2.8884,-0.033977,-0.052546,2.8882,-0.034122,-0.052562,2.888,-0.034287,-0.052565,2.8878,-0.034662,-0.052539,2.8877,-0.035386,-0.052375,2.8876,-0.03645,-0.05216,2.8877,-0.037541,-0.05191,2.8882,-0.0384,-0.051652,2.8889,-0.039041,-0.051406,2.8896,-0.039436,-0.051211,2.8903,-0.039513,-0.051054,2.8909,-0.039926,-0.051589,2.8914,-0.040109,-0.051981,2.8917,-0.041444,-0.042962,2.8869,-0.042274,-0.036544,2.8826,-0.042468,-0.032357,2.8793,-0.042468,-0.029481,2.8764,-0.042255,-0.027693,2.8741,-0.041994,-0.026557,2.8723,-0.041658,-0.025918,2.8709,-0.041351,-0.025591,2.8697,-0.040929,-0.025735,2.8691,-0.040321,-0.026585,2.869,-0.039088,-0.029505,2.8707,-0.039209,-0.032951,2.8736,-0.039332,-0.037276,2.8768,-0.039221,-0.040471,2.8798,-0.039189,-0.042644,2.8822,-0.039435,-0.044211,2.8845,-0.03983,-0.045279,2.8864,-0.041497,-0.046809,2.888,-0.042787,-0.047986,2.889,-0.043666,-0.04888,2.8897,-0.044318,-0.049576,2.8902,-0.044788,-0.050116,2.8905,-0.045067,-0.050527,2.8907,-0.045221,-0.050872,2.8908,-0.045297,-0.051146,2.8908,-0.045251,-0.051393,2.8908,-0.045001,-0.051586,2.8907,-0.044656,-0.051747,2.8906,-0.044299,-0.051873,2.8904,-0.043951,-0.051972,2.8903,-0.043614,-0.052046,2.8902
-0.028507,-0.11463,2.8382,-0.02845,-0.11475,2.838,-0.028377,-0.11486,2.8378,-0.028258,-0.11498,2.8376,-0.028125,-0.11509,2.8373,-0.027977,-0.11519,2.8371,-0.027839,-0.11528,2.8369,-0.027713,-0.11534,2.8367,-0.027657,-0.11537,2.8366,-0.027641,-0.11538,2.8365,-0.027641,-0.11539,2.8364,-0.027797,-0.11536,2.8363,-0.028301,-0.11519,2.8364,-0.029365,-0.11488,2.8366,-0.030947,-0.11446,2.8373,-0.032458,-0.11402,2.8381,-0.033799,-0.11362,2.8389,-0.034906,-0.11331,2.8397,-0.036132,-0.11306,2.8404,-0.040018,-0.11465,2.8412,-0.043282,-0.11586,2.8417,-0.048171,-0.11386,2.8416,-0.051679,-0.11204,2.8415,-0.054161,-0.11041,2.8414,-0.055806,-0.10907,2.8413,-0.056789,-0.10813,2.8412,-0.057426,-0.1074,2.8411,-0.057778,-0.10681,2.841,-0.057923,-0.10631,2.8409,-0.057916,-0.10591,2.8409,-0.057796,-0.10562,2.8409,-0.057461,-0.10559,2.8411,-0.056884,-0.10577,2.8415,-0.056115,-0.10662,2.842,-0.055323,-0.10726,2.8425,-0.054641,-0.10763,2.843,-0.053914,-0.10783,2.8436,-0.053268,-0.10792,2.844,-0.052452,-0.10853,2.8437,-0.051464,-0.10924,2.8432,-0.05019,-0.11005,2.8426,-0.048862,-0.11085,2.8419,-0.047543,-0.11164,2.8413,-0.045937,-0.11244,2.8406,-0.044343,-0.11317,2.8401,-0.043,-0.11374,2.8396,-0.041747,-0.11424,2.8393,-0.040484,-0.1146,2.839,-0.039399,-0.11487,2.8388,-0.038531,-0.11507,2.8386,-0.03784,-0.11522,2.8385,-0.037287,-0.11531,2.8384
-0.20135,0.18492,2.8693,-0.20128,0.18491,2.8689,-0.20119,0.1849,2.8685,-0.20102,0.18485,2.8679,-0.20083,0.18481,2.8673,-0.20059,0.18477,2.8666,-0.20034,0.1847,2.8658,-0.20013,0.18455,2.865,-0.19991,0.1844,2.8638,-0.19977,0.18429,2.8627,-0.19966,0.1842,2.8617,-0.19972,0.18412,2.861,-0.20009,0.18419,2.8605,-0.2017,0.18469,2.8611,-0.20508,0.18531,2.8642,-0.20859,0.18578,2.868,-0.21167,0.18593,2.8717,-0.21417,0.18579,2.8754,-0.2155,0.18587,2.8817,-0.21581,0.18629,2.8874,-0.2163,0.18673,2.8925,-0.2203,0.19344,2.9083,-0.22161,0.19529,2.9148,-0.22296,0.1952,2.9228,-0.22408,0.19408,2.9292,-0.2251,0.19235,2.934,-0.22581,0.19072,2.9375,-0.22644,0.18862,2.9404,-0.22786,0.18528,2.9429,-0.23149,0.17871,2.9486,-0.23481,0.1718,2.9538,-0.23978,0.16091,2.9617,-0.23669,0.14683,2.9303,-0.21553,0.17154,2.9132,-0.20853,0.1839,2.9084,-0.20535,0.19197,2.9063,-0.20413,0.19494,2.9036,-0.2042,0.19657,2.9013,-0.20971,0.19393,2.8919,-0.21331,0.19182,2.8855,-0.21577,0.19009,2.8813,-0.21717,0.18875,2.8783,-0.21806,0.1877,2.8761,-0.21848,0.18696,2.8745,-0.21863,0.18633,2.8734,-0.21857,0.18582,2.8725,-0.21835,0.18538,2.872,-0.21794,0.18501,2.8716,-0.21733,0.18465,2.8714,-0.21665,0.18437,2.8713,-0.21593,0.18417,2.8713,-0.21525,0.18401,2.8713
-0.24055,-0.088231,2.8409,-0.24069,-0.08818,2.8406,-0.24083,-0.088126,2.8402,-0.24096,-0.088081,2.8398,-0.24109,-0.088024,2.8393,-0.24124,-0.087988,2.8387,-0.24138,-0.087951,2.8382,-0.24154,-0.08793,2.8376,-0.24175,-0.087895,2.8371,-0.24203,-0.087858,2.8366,-0.24233,-0.087818,2.8361,-0.24274,-0.087792,2.8357,-0.24324,-0.087725,2.8354,-0.24389,-0.087622,2.8351,-0.2446,-0.087495,2.835,-0.24525,-0.087388,2.835,-0.24584,-0.087322,2.8351,-0.24651,-0.087348,2.8355,-0.24716,-0.0874,2.8365,-0.24769,-0.087478,2.8378,-0.24818,-0.087499,2.8396,-0.24847,-0.083768,2.847,-0.24791,-0.085546,2.8503,-0.24772,-0.086508,2.8531,-0.2477,-0.086748,2.8551,-0.24706,-0.081677,2.8589,-0.24622,-0.07629,2.8623,-0.23933,-0.053423,2.8382,-0.24428,-0.050213,2.8505,-0.24811,-0.05065,2.8591,-0.25105,-0.05267,2.8648,-0.25244,-0.055981,2.8672,-0.25316,-0.061966,2.8688,-0.25306,-0.06468,2.8694,-0.25208,-0.069502,2.8685,-0.25115,-0.073536,2.8674,-0.25028,-0.077013,2.866,-0.24961,-0.079767,2.8647,-0.24928,-0.083026,2.8614,-0.24907,-0.085603,2.8584,-0.24892,-0.087665,2.8556,-0.24884,-0.089259,2.8532,-0.24879,-0.090433,2.8512,-0.2487,-0.091224,2.8495,-0.24864,-0.09178,2.8481,-0.24852,-0.091987,2.8469,-0.24837,-0.092043,2.8458,-0.24816,-0.091966,2.8449,-0.2479,-0.091828,2.8441,-0.24763,-0.091656,2.8434,-0.24737,-0.091466,2.8428,-0.24713,-0.091276,2.8423
-0.24052,-0.32166,2.8041,-0.24062,-0.32164,2.8032,-0.24071,-0.3216,2.8021,-0.2408,-0.32155,2.8007,-0.24081,-0.32146,2.799,-0.2408,-0.32141,2.7975,-0.24079,-0.32136,2.7961,-0.24082,-0.32134,2.7949,-0.24096,-0.32132,2.7942,-0.24157,-0.32131,2.7935,-0.24239,-0.32129,2.793,-0.24348,-0.32129,2.7927,-0.24459,-0.32122,2.7925,-0.24572,-0.32109,2.7924,-0.24679,-0.32091,2.7925,-0.24793,-0.32075,2.7928,-0.24902,-0.32063,2.7933,-0.25004,-0.3206,2.7938,-0.25099,-0.3206,2.7951,-0.25182,-0.32065,2.797,-0.25252,-0.32062,2.7991,-0.25346,-0.31739,2.8028,-0.25457,-0.31894,2.8055,-0.25497,-0.31973,2.8079,-0.25513,-0.31999,2.8103,-0.25488,-0.31458,2.8146,-0.25443,-0.30898,2.8182,-0.25333,-0.29154,2.8249,-0.25294,-0.28788,2.8267,-0.25259,-0.2856,2.828,-0.2521,-0.28508,2.829,-0.25171,-0.28783,2.8298,-0.25149,-0.29369,2.8301,-0.25154,-0.2963,2.8304,-0.25204,-0.30106,2.83,-0.25246,-0.30507,2.8294,-0.25289,-0.30854,2.8285,-0.25322,-0.3113,2.8277,-0.2533,-0.31439,2.8258,-0.25324,-0.31695,2.8239,-0.25313,-0.31904,2.8221,-0.25257,-0.32084,2.8199,-0.25202,-0.32222,2.8179,-0.25152,-0.32317,2.8163,-0.25104,-0.32387,2.8148,-0.25053,-0.32418,2.8136,-0.24999,-0.3243,2.8123,-0.24947,-0.32427,2.8112,-0.24898,-0.32417,2.8102,-0.24853,-0.32404,2.8094,-0.24815,-0.32389,2.8087,-0.24781,-0.32375,2.8081
-0.23495,-0.352,2.7794,-0.2347,-0.35184,2.7782,-0.23449,-0.35172,2.7774,-0.23431,-0.35164,2.7766,-0.23412,-0.35156,2.776,-0.23393,-0.35155,2.7754,-0.23359,-0.35183,2.7747,-0.23336,-0.35202,2.7743,-0.23331,-0.35208,2.7741,-0.23373,-0.35196,2.7741,-0.23438,-0.35185,2.7742,-0.23522,-0.35173,2.7745,-0.23612,-0.35164,2.7747,-0.23706,-0.35164,2.7751,-0.23792,-0.35194,2.7753,-0.2388,-0.35219,2.7758,-0.23975,-0.3524,2.7765,-0.24101,-0.35197,2.7778,-0.24267,-0.35045,2.7806,-0.24395,-0.38274,2.789,-0.24473,-0.40008,2.7937,-0.24514,-0.39025,2.8022,-0.24546,-0.37733,2.8097,-0.24544,-0.36692,2.8146,-0.24555,-0.35916,2.818,-0.24553,-0.35523,2.8202,-0.24511,-0.35973,2.8211,-0.24506,-0.35923,2.8222,-0.24503,-0.35842,2.8231,-0.24534,-0.35932,2.8234,-0.24569,-0.36136,2.8234,-0.24448,-0.37802,2.8199,-0.24362,-0.39351,2.8164,-0.24339,-0.40041,2.8148,-0.24335,-0.40744,2.8132,-0.2433,-0.41235,2.812,-0.24449,-0.39426,2.8115,-0.24514,-0.39729,2.8103,-0.24546,-0.387,2.8081,-0.2455,-0.38055,2.8061,-0.24547,-0.37529,2.8039,-0.2448,-0.37164,2.8017,-0.2441,-0.36898,2.7997,-0.24331,-0.36661,2.7981,-0.24242,-0.3649,2.7965,-0.24148,-0.369,2.7937,-0.24069,-0.37306,2.7914,-0.24005,-0.3766,2.7895,-0.23864,-0.37542,2.7882,-0.2374,-0.37469,2.7871,-0.23629,-0.37396,2.7863,-0.23573,-0.36926,2.7865
0.13095,0.19198,2.896,0.13093,0.19199,2.896,0.13093,0.19201,2.896,0.13092,0.19203,2.8961,0.13092,0.19205,2.8962,0.13093,0.19209,2.8963,0.13094,0.19213,2.8964,0.13094,0.19218,2.8967,0.13093,0.19225,2.8971,0.13091,0.19232,2.8977,0.13089,0.19239,2.8982,0.13087,0.19245,2.8986,0.13084,0.19252,2.899,0.13067,0.19259,2.8991,0.12947,0.19293,2.8979,0.12758,0.19395,2.8948,0.1243,0.19653,2.8895,0.11968,0.19953,2.8823,0.11063,0.20188,2.8726,0.093463,0.1689,2.8356,0.094892,0.18428,2.806,0.09378,0.18602,2.7978,0.093952,0.18931,2.7947,0.09431,0.19503,2.795,0.095197,0.20562,2.7998,0.095166,0.21241,2.8037,0.095068,0.21737,2.8067,0.095024,0.22122,2.8092,0.095003,0.22385,2.8111,0.095079,0.22583,2.8128,0.09516,0.22716,2.8144,0.095318,0.22775,2.8158,0.09666,0.22826,2.8194,0.097878,0.22877,2.8226,0.098885,0.22915,2.8251,0.10029,0.22896,2.8276,0.10516,0.22187,2.8334,0.11052,0.21313,2.8409,0.11711,0.19648,2.8712,0.11966,0.19003,2.8834,0.12114,0.18649,2.8907,0.1221,0.18429,2.8953,0.12263,0.18308,2.8986,0.12286,0.18281,2.9007,0.12277,0.18331,2.9018,0.12256,0.18434,2.9022,0.12232,0.18557,2.9021,0.12235,0.18669,2.9021,0.12247,0.18766,2.9019,0.12272,0.18847,2.9017,0.12302,0.18917,2.9015,0.12334,0.18973,2.9013
0.18622,-0.084398,2.8864,0.18634,-0.084572,2.8877,0.18637,-0.084686,2.889,0.18632,-0.084634,2.8907,0.18622,-0.084414,2.8925,0.18625,-0.08368,2.896,0.18598,-0.082606,2.8997,0.18582,-0.080394,2.9055,0.18639,-0.075654,2.9118,0.19715,-0.061605,2.9102,0.21445,-0.042393,2.8972,0.23975,-0.014738,2.8662,0.25906,0.0052333,2.8365,0.27267,0.032371,2.7835,0.27203,0.075185,2.7144,0.25661,0.11896,2.6555,0.23654,0.15263,2.598,0.22051,0.16196,2.5767,0.15918,0.20714,2.5054,0.085448,0.23588,2.4971,0.038911,0.24554,2.5219,-0.061693,0.26369,2.5071,-0.10631,0.25964,2.5201,-0.12843,0.25777,2.5287,-0.14675,0.25265,2.5421,-0.15894,0.24753,2.5533,-0.15827,0.24119,2.5615,-0.1509,0.23428,2.5664,-0.14223,0.22695,2.568,-0.13012,0.21598,2.5662,-0.11897,0.20585,2.5627,-0.10399,0.19003,2.5553,-0.079827,0.16377,2.55,-0.06809,0.14923,2.5485,-0.048105,0.11406,2.5503,-0.039897,0.095898,2.5539,0.091547,0.039092,2.6345,0.15789,-0.0012047,2.6836,0.21961,-0.07756,2.8217,0.2225,-0.10357,2.8843,0.21375,-0.10713,2.9044,0.20768,-0.10595,2.9187,0.20221,-0.10443,2.9235,0.19433,-0.10149,2.9303,0.18561,-0.093501,2.9208,0.18071,-0.088581,2.9146,0.17792,-0.085571,2.9101,0.17637,-0.083717,2.9069,0.17558,-0.082593,2.9044,0.17551,-0.082136,2.9017,0.17586,-0.082049,2.8994,0.17652,-0.082221,2.8973
0.21573,-0.31347,2.8209,0.21318,-0.31402,2.8252,0.21144,-0.31442,2.8291,0.21018,-0.31451,2.8325,0.20915,-0.31439,2.8354,0.20902,-0.31379,2.8375,0.21044,-0.31229,2.8397,0.21975,-0.30477,2.8379,0.28592,-0.24758,2.8025,0.34521,-0.18014,2.7575,0.39542,-0.12364,2.7087,0.42764,-0.056817,2.6531,0.42899,-0.020661,2.6219,0.43756,0.049144,2.5492,0.40564,0.12124,2.4621,0.36208,0.17839,2.3959,0.31371,0.20923,2.3646,0.26522,0.2413,2.3461,0.12121,0.33464,2.2906,-0.02066,0.35877,2.3095,-0.10179,0.3481,2.3511,-0.23936,0.39143,2.3706,-0.29433,0.38342,2.443,-0.31305,0.3805,2.4567,-0.34194,0.36957,2.4927,-0.35397,0.35958,2.5109,-0.35335,0.3513,2.5197,-0.34915,0.34038,2.523,-0.33686,0.33225,2.5163,-0.32476,0.31526,2.5027,-0.31566,0.29962,2.4898,-0.30589,0.27837,2.4776,-0.28873,0.25655,2.4739,-0.28145,0.24557,2.4723,-0.26087,0.16648,2.4464,-0.23579,0.083548,2.4128,-0.097174,-0.0097917,2.4905,-0.031561,-0.057357,2.5286,0.18157,-0.28179,2.7263,0.23926,-0.33549,2.7925,0.24493,-0.34118,2.8347,0.24474,-0.34018,2.8596,0.24162,-0.3387,2.8669,0.23583,-0.33568,2.8732,0.2279,-0.33086,2.8802,0.21003,-0.31544,2.865,0.20162,-0.30885,2.8574,0.19693,-0.30522,2.8521,0.19485,-0.30347,2.8468,0.19545,-0.30358,2.8415,0.19745,-0.30458,2.8368,0.19995,-0.30586,2.8321
0.22242,-0.39269,2.7958,0.22084,-0.389,2.7985,0.21953,-0.38577,2.8005,0.21849,-0.383,2.8021,0.21755,-0.37983,2.8031,0.22476,-0.36551,2.7995,0.23877,-0.34449,2.7949,0.27629,-0.33812,2.7756,0.36024,-0.27596,2.7352,0.42299,-0.18586,2.6983,0.47269,-0.10775,2.6617,0.5176,-0.023431,2.6042,0.51127,0.0046075,2.5812,0.49815,0.082712,2.5147,0.43763,0.15859,2.4364,0.38728,0.23062,2.3693,0.32769,0.25952,2.3447,0.26582,0.29588,2.3176,0.10198,0.36796,2.2975,-0.032288,0.41069,2.2976,-0.12905,0.4078,2.3349,-0.2286,0.4106,2.3853,-0.26677,0.39075,2.4356,-0.29505,0.3836,2.468,-0.34799,0.38068,2.5176,-0.34754,0.37352,2.5318,-0.34598,0.36686,2.5406,-0.34365,0.35587,2.5451,-0.33325,0.34753,2.5399,-0.32104,0.32934,2.5273,-0.31291,0.31367,2.5175,-0.28311,0.27573,2.4983,-0.24845,0.23509,2.4855,-0.23658,0.21796,2.481,-0.28132,0.15494,2.4249,-0.29649,0.075325,2.3654,-0.15489,0.01926,2.4597,-0.10052,-0.052421,2.4797,0.17914,-0.34055,2.7056,0.24096,-0.39585,2.7641,0.24543,-0.40059,2.7995,0.24295,-0.40023,2.8375,0.24113,-0.39988,2.8465,0.2372,-0.40131,2.8559,0.23114,-0.39762,2.8628,0.21162,-0.3834,2.8491,0.20164,-0.37637,2.8405,0.19606,-0.37318,2.8349,0.1968,-0.38976,2.8172,0.19925,-0.39891,2.8007,0.20103,-0.40364,2.7918,0.20222,-0.40648,2.7857
-0.099615,-0.19118,2.8168,-0.099658,-0.19128,2.8167,-0.099676,-0.19138,2.8166,-0.099639,-0.1915,2.8164,-0.099568,-0.19162,2.8162,-0.09946,-0.19174,2.816,-0.099362,-0.19186,2.8157,-0.099275,-0.19196,2.8154,-0.099292,-0.19199,2.8151,-0.099391,-0.192,2.8147,-0.099503,-0.19199,2.8144,-0.099915,-0.19196,2.8142,-0.10075,-0.19183,2.814,-0.10214,-0.19159,2.8141,-0.10418,-0.19126,2.8149,-0.10604,-0.19093,2.816,-0.1077,-0.19061,2.8174,-0.10901,-0.19036,2.8187,-0.11099,-0.18915,2.8222,-0.11477,-0.18909,2.8269,-0.11831,-0.18926,2.8311,-0.13074,-0.18489,2.8424,-0.13728,-0.18229,2.8487,-0.14105,-0.1807,2.8523,-0.14333,-0.17977,2.8545,-0.14482,-0.17922,2.8561,-0.14561,-0.17891,2.857,-0.14561,-0.17903,2.8574,-0.14504,-0.17956,2.8572,-0.14417,-0.18061,2.8565,-0.14313,-0.18216,2.8555,-0.14182,-0.18507,2.8545,-0.1401,-0.18813,2.8531,-0.13839,-0.19053,2.8524,-0.13545,-0.19137,2.8512,-0.13273,-0.19132,2.8501,-0.12981,-0.19061,2.8488,-0.12734,-0.18969,2.8476,-0.12445,-0.1898,2.8402,-0.12193,-0.19008,2.8343,-0.11956,-0.1905,2.8298,-0.11772,-0.1909,2.8266,-0.11627,-0.19125,2.8243,-0.11481,-0.19158,2.8226,-0.11349,-0.19189,2.8214,-0.11246,-0.19212,2.8205,-0.11156,-0.19233,2.82,-0.11073,-0.19247,2.8195,-0.11003,-0.19259,2.8193,-0.10949,-0.19267,2.8191,-0.10907,-0.19273,2.819,-0.10873,-0.19276,2.8189
-0.1134,-0.66028,2.9213,-0.11337,-0.66032,2.9209,-0.11333,-0.66035,2.9206,-0.11328,-0.66036,2.9203,-0.11324,-0.66035,2.9199,-0.1132,-0.66034,2.9196,-0.11317,-0.66032,2.9193,-0.11318,-0.66033,2.9191,-0.11325,-0.66034,2.9188,-0.11334,-0.66034,2.9185,-0.11344,-0.66034,2.9183,-0.11357,-0.66032,2.9182,-0.11374,-0.66027,2.9181,-0.11399,-0.66017,2.918,-0.11436,-0.66001,2.9181,-0.11482,-0.65979,2.9183,-0.1153,-0.65963,2.9186,-0.11576,-0.65942,2.9191,-0.11632,-0.65899,2.9197,-0.11677,-0.65845,2.9204,-0.11717,-0.65787,2.921,-0.11745,-0.65702,2.9216,-0.11764,-0.65622,2.9221,-0.11779,-0.65553,2.9225,-0.11787,-0.65488,2.9229,-0.11791,-0.65434,2.9233,-0.11796,-0.65399,2.9237,-0.118,-0.65371,2.924,-0.11805,-0.65348,2.9243,-0.11812,-0.65332,2.9247,-0.11818,-0.65322,2.925,-0.11825,-0.65315,2.9253,-0.11831,-0.65311,2.9256,-0.11837,-0.65309,2.9258,-0.11842,-0.65309,2.926,-0.11848,-0.6531,2.9262,-0.11856,-0.65316,2.9263,-0.11864,-0.65323,2.9265,-0.11886,-0.65355,2.9264,-0.1191,-0.65401,2.9262,-0.11932,-0.65444,2.926,-0.11955,-0.65486,2.9257,-0.11975,-0.6553,2.9254,-0.1199,-0.656,2.9251,-0.12002,-0.65664,2.9247,-0.12006,-0.6572,2.9244,-0.12003,-0.65771,2.9241,-0.11997,-0.65812,2.9237,-0.11986,-0.65846,2.9234,-0.11975,-0.65873,2.9232,-0.11961,-0.65896,2.9229,-0.11947,-0.65917,2.9227
-0.074709,-1.024,2.9457,-0.074708,-1.024,2.9456,-0.074692,-1.0239,2.9456,-0.074677,-1.0239,2.9456,-0.074666,-1.0239,2.9456,-0.074597,-1.0238,2.9456,-0.074523,-1.0236,2.9455,-0.074509,-1.0236,2.9455,-0.07444,-1.0236,2.9455,-0.074335,-1.0236,2.9454,-0.07433,-1.0235,2.9454,-0.074541,-1.0236,2.9454,-0.074752,-1.0237,2.9453,-0.075007,-1.0237,2.9453,-0.075143,-1.0238,2.9453,-0.075366,-1.0239,2.9452,-0.075658,-1.0239,2.945,-0.075809,-1.024,2.945,-0.075849,-1.0241,2.945,-0.075709,-1.0242,2.945,-0.075606,-1.0243,2.945,-0.075394,-1.0243,2.9452,-0.075284,-1.0244,2.9453,-0.075249,-1.0244,2.9453,-0.075216,-1.0244,2.9454,-0.075098,-1.0244,2.9454,-0.074743,-1.0243,2.9455,-0.074626,-1.0243,2.9456,-0.074566,-1.0243,2.9456,-0.074534,-1.0243,2.9456,-0.074586,-1.0243,2.9457,-0.0747,-1.0243,2.9458,-0.074819,-1.0243,2.9458,-0.074977,-1.0243,2.9459,-0.075324,-1.0245,2.9461,-0.075662,-1.0246,2.9463,-0.075972,-1.0248,2.9465,-0.076261,-1.0249,2.9467,-0.076314,-1.025,2.9468,-0.076379,-1.025,2.9468,-0.07609,-1.025,2.9469,-0.075605,-1.0249,2.9469,-0.075308,-1.0248,2.947,-0.075192,-1.0248,2.9471,-0.075096,-1.0248,2.9471,-0.075008,-1.0248,2.9471,-0.074854,-1.0248,2.9472,-0.074795,-1.0248,2.9473,-0.074757,-1.0248,2.9473,-0.074734,-1.0248,2.9473,-0.074756,-1.0247,2.9474,-0.074935,-1.0248,2.9474
-0.10983,-1.0906,2.9088,-0.10975,-1.0905,2.9086,-0.10971,-1.0904,2.9085,-0.10966,-1.0904,2.9084,-0.1096,-1.0903,2.9083,-0.10946,-1.0901,2.9082,-0.10943,-1.09,2.9082,-0.1094,-1.09,2.9081,-0.10938,-1.0899,2.9081,-0.10932,-1.0898,2.9079,-0.10922,-1.0898,2.9076,-0.10906,-1.0898,2.9071,-0.10893,-1.0898,2.9064,-0.10884,-1.0897,2.9055,-0.10897,-1.0897,2.9053,-0.10915,-1.0897,2.905,-0.1095,-1.0898,2.9049,-0.11083,-1.0902,2.9063,-0.11109,-1.0903,2.9064,-0.11122,-1.0903,2.9065,-0.11134,-1.0903,2.9066,-0.11134,-1.0902,2.9066,-0.1114,-1.0901,2.9067,-0.10781,-1.0901,2.9049,-0.1073,-1.0902,2.905,-0.10692,-1.0901,2.9049,-0.10663,-1.09,2.9049,-0.10661,-1.09,2.9052,-0.10733,-1.0901,2.9061,-0.10838,-1.0902,2.9074,-0.10924,-1.0905,2.9084,-0.10953,-1.0905,2.9086,-0.10971,-1.0905,2.9087,-0.10981,-1.0905,2.9087,-0.10996,-1.0906,2.9088,-0.11002,-1.0907,2.9088,-0.11006,-1.0907,2.9086,-0.11022,-1.0908,2.9087,-0.11063,-1.0907,2.9089,-0.1108,-1.0905,2.9088,-0.1111,-1.0902,2.9091,-0.11117,-1.0899,2.9092,-0.11126,-1.0897,2.9093,-0.11143,-1.0896,2.9097,-0.11148,-1.0895,2.9098,-0.11147,-1.0895,2.9099,-0.11123,-1.0891,2.9095,-0.11111,-1.0891,2.9095,-0.11101,-1.089,2.9094,-0.11076,-1.0888,2.9089,-0.11042,-1.0887,2.9083,-0.11019,-1.0887,2.908
0.049231,-0.18841,2.8391,0.049201,-0.18847,2.839,0.049189,-0.18852,2.8389,0.049198,-0.18857,2.8388,0.04922,-0.18861,2.8387,0.049253,-0.18864,2.8386,0.049282,-0.18867,2.8386,0.049306,-0.18868,2.8386,0.049308,-0.18869,2.8386,0.049269,-0.1887,2.8386,0.049203,-0.1887,2.8387,0.048987,-0.18872,2.839,0.048587,-0.18871,2.8393,0.047854,-0.18864,2.8398,0.046832,-0.18852,2.8405,0.045874,-0.18837,2.8412,0.044969,-0.18815,2.8418,0.044154,-0.18793,2.8423,0.041147,-0.18601,2.8413,0.035014,-0.1865,2.8377,0.030471,-0.18694,2.8349,0.024397,-0.18484,2.8302,0.020365,-0.183,2.8266,0.017809,-0.18143,2.8241,0.016294,-0.18004,2.8223,0.015575,-0.17889,2.821,0.015267,-0.17795,2.8201,0.015455,-0.17707,2.8195,0.01623,-0.17622,2.8192,0.017485,-0.17552,2.8192,0.018893,-0.17506,2.8195,0.021103,-0.17538,2.8201,0.023569,-0.17598,2.8211,0.0251,-0.17695,2.8217,0.026071,-0.17742,2.8224,0.026745,-0.1777,2.8231,0.027292,-0.17785,2.8243,0.027632,-0.17792,2.8255,0.028365,-0.17951,2.8272,0.029201,-0.18105,2.8288,0.030265,-0.1825,2.8303,0.031297,-0.18372,2.8316,0.032344,-0.18478,2.8327,0.033668,-0.18573,2.8338,0.034944,-0.1865,2.8347,0.036043,-0.18708,2.8354,0.037063,-0.18754,2.836,0.038125,-0.18789,2.8366,0.03903,-0.18815,2.837,0.039763,-0.18834,2.8374,0.040356,-0.18848,2.8376,0.040833,-0.18858,2.8378
0.071801,-0.65777,2.9087,0.071794,-0.65789,2.9087,0.07178,-0.65772,2.9086,0.071767,-0.65764,2.9085,0.071741,-0.65759,2.9085,0.071676,-0.65739,2.9084,0.071606,-0.65718,2.9082,0.07158,-0.65707,2.9082,0.071508,-0.65677,2.9081,0.07144,-0.65654,2.908,0.071377,-0.65637,2.908,0.071117,-0.65658,2.9081,0.07084,-0.65678,2.9082,0.070515,-0.657,2.9084,0.070181,-0.65723,2.9086,0.069746,-0.65736,2.9089,0.069302,-0.65739,2.9091,0.068903,-0.65738,2.9094,0.068524,-0.65721,2.9096,0.068194,-0.65699,2.9098,0.067946,-0.65682,2.9099,0.067713,-0.65637,2.9101,0.067526,-0.65592,2.9102,0.067371,-0.65549,2.9103,0.067211,-0.6549,2.9103,0.067054,-0.65433,2.9102,0.06691,-0.65375,2.9101,0.066734,-0.6526,2.9097,0.066591,-0.65158,2.9093,0.066515,-0.65083,2.9089,0.066457,-0.65033,2.9087,0.066467,-0.65066,2.9086,0.066498,-0.65114,2.9086,0.066507,-0.65219,2.9087,0.066604,-0.65354,2.9089,0.066685,-0.65493,2.9092,0.066684,-0.65587,2.9094,0.066684,-0.65666,2.9096,0.066696,-0.65725,2.9097,0.066709,-0.65757,2.9097,0.066726,-0.65777,2.9097,0.066804,-0.65781,2.9096,0.066879,-0.65785,2.9095,0.066978,-0.65793,2.9094,0.067093,-0.65798,2.9093,0.067224,-0.65802,2.9092,0.067352,-0.65803,2.9091,0.067507,-0.65808,2.909,0.067654,-0.65813,2.9089,0.067785,-0.65816,2.9088,0.06791,-0.65819,2.9087,0.068027,-0.65821,2.9086
0.051431,-1.015,2.9416,0.051468,-1.015,2.9416,0.051502,-1.015,2.9416,0.051539,-1.015,2.9415,0.051593,-1.0151,2.9415,0.051606,-1.015,2.9415,0.051541,-1.015,2.9415,0.051489,-1.0148,2.9416,0.051419,-1.0147,2.9416,0.051297,-1.0146,2.9417,0.051168,-1.0145,2.9417,0.051155,-1.0146,2.9417,0.05115,-1.0146,2.9417,0.051127,-1.0146,2.9417,0.051115,-1.0146,2.9417,0.051097,-1.0146,2.9417,0.051057,-1.0146,2.9417,0.051008,-1.0146,2.9418,0.050943,-1.0146,2.9418,0.050913,-1.0146,2.9419,0.05089,-1.0146,2.9419,0.05087,-1.0145,2.9419,0.050855,-1.0145,2.942,0.050845,-1.0145,2.942,0.050828,-1.0145,2.942,0.050805,-1.0145,2.942,0.050843,-1.0145,2.9421,0.050835,-1.0145,2.9421,0.050818,-1.0145,2.9421,0.050802,-1.0145,2.9421,0.050778,-1.0145,2.9421,0.050787,-1.0146,2.9421,0.050842,-1.0148,2.9421,0.050989,-1.0151,2.942,0.051034,-1.0152,2.9419,0.051096,-1.0154,2.9419,0.05112,-1.0155,2.9419,0.051137,-1.0156,2.9418,0.051157,-1.0156,2.9418,0.051093,-1.0156,2.9418,0.051037,-1.0156,2.9419,0.050989,-1.0155,2.9418,0.050981,-1.0153,2.9418,0.050973,-1.0152,2.9418,0.050969,-1.0151,2.9417,0.050959,-1.015,2.9417,0.050946,-1.0149,2.9417,0.050946,-1.0149,2.9417,0.050949,-1.0149,2.9416,0.050953,-1.0149,2.9416,0.050966,-1.0148,2.9416,0.050975,-1.0147,2.9416
0.08737,-1.0771,2.9002,0.087949,-1.0775,2.9009,0.089034,-1.0778,2.9019,0.090128,-1.0781,2.903,0.090018,-1.0781,2.9024,0.090292,-1.0795,2.9057,0.090931,-1.08,2.9086,0.091276,-1.0801,2.9098,0.091882,-1.0802,2.9115,0.093313,-1.08,2.9151,0.093776,-1.0799,2.9162,0.087133,-1.0795,2.9066,0.084803,-1.0786,2.9013,0.083759,-1.0778,2.8985,0.082832,-1.0771,2.8962,0.082718,-1.0768,2.8954,0.082278,-1.0766,2.8946,0.08267,-1.0769,2.8954,0.086475,-1.0775,2.9018,0.08778,-1.0774,2.9033,0.088652,-1.0774,2.9043,0.089212,-1.0773,2.9049,0.089614,-1.0772,2.9053,0.086781,-1.0769,2.9025,0.086522,-1.0768,2.9023,0.089003,-1.0767,2.9051,0.094772,-1.0779,2.9148,0.099442,-1.0771,2.9208,0.10067,-1.0772,2.9225,0.10017,-1.0768,2.9204,0.09783,-1.0754,2.9146,0.09635,-1.077,2.9135,0.090181,-1.0777,2.9052,0.086125,-1.0785,2.8991,0.085123,-1.0787,2.8971,0.083459,-1.0789,2.8949,0.086389,-1.0792,2.8981,0.088956,-1.0795,2.901,0.091186,-1.0803,2.9053,0.092156,-1.0802,2.9075,0.10007,-1.0768,2.9415,0.10362,-1.0719,2.9363,0.096402,-1.0721,2.9215,0.093716,-1.0724,2.9149,0.091831,-1.0727,2.9099,0.091518,-1.0729,2.9085,0.09186,-1.0735,2.9084,0.091245,-1.0745,2.9077,0.090768,-1.0754,2.907,0.092005,-1.0769,2.9096,0.091793,-1.0774,2.909,0.091627,-1.0776,2.9086
